$movie	$title
<http://www.imdb.com/title/tt0076759>	"Star Wars: Episode IV - A New Hope"	
<http://www.imdb.com/title/tt0080684>	"Star Wars: Episode V - The Empire Strikes Back"	
<http://www.imdb.com/title/tt0086190>	"Star Wars: Episode VI - Return of the Jedi"	
<http://www.imdb.com/title/tt0120915>	"Star Wars: Episode I - The Phantom Menace"	
<http://www.imdb.com/title/tt0121765>	"Star Wars: Episode II - Attack of the Clones"	
<http://www.imdb.com/title/tt0121766>	"Star Wars: Episode III - Revenge of the Sith"	
<http://www.imdb.com/title/tt2488496>	"Star Wars: Episode VII - The Force Awakens"	
<http://www.imdb.com/title/tt2527336>	"Star Wars: Episode VIII - The Last Jedi"	
<http://www.imdb.com/title/tt2527338>	"Star Wars: Episode IX - The Rise of Skywalker"	
<http://www.imdb.com/title/tt3748528>	"Rogue One: A Star Wars Story"	
