$x	GRAAL_COL_69	$z
<https://www.starwars.com/databank/rey>	<https://www.starwars.com/databank/LightSaber>	<https://www.starwars.com/databank/yellow-saber>	
<https://www.starwars.com/databank/luke-skywalker>	<https://www.starwars.com/databank/LightSaber>	<https://www.starwars.com/databank/green-saber-luke>	
<https://www.starwars.com/databank/obi-wan-kenobi>	<https://www.starwars.com/databank/LightSaber>	<https://www.starwars.com/databank/blue-saber-1-obi-wan>	
<https://www.starwars.com/databank/obi-wan-kenobi>	<https://www.starwars.com/databank/LightSaber>	<https://www.starwars.com/databank/blue-saber-2-obi-wan>	
<https://www.starwars.com/databank/obi-wan-kenobi>	<https://www.starwars.com/databank/LightSaber>	<https://www.starwars.com/databank/blue-saber-3-obi-wan>	
<https://www.starwars.com/databank/anakin-skywalker>	<https://www.starwars.com/databank/LightSaber>	<https://www.starwars.com/databank/blue-saber-anakin>	
<https://www.starwars.com/databank/darth-vader>	<https://www.starwars.com/databank/LightSaber>	<https://www.starwars.com/databank/red-saber-darth-wader>	
