$x	GRAAL_COL_66
<https://www.starwars.com/databank/luke-skywalker>	<https://www.starwars.com/databank/Vehicle>	
<https://www.starwars.com/databank/rey>	<https://www.starwars.com/databank/Vehicle>	
<https://www.starwars.com/databank/anakin-skywalker>	<https://www.starwars.com/databank/Vehicle>	
<https://www.starwars.com/databank/luke-skywalker>	<https://www.starwars.com/databank/StarShip>	
<https://www.starwars.com/databank/rey>	<https://www.starwars.com/databank/StarShip>	
<https://www.starwars.com/databank/anakin-skywalker>	<https://www.starwars.com/databank/StarShip>	
<https://www.starwars.com/databank/rey>	<https://www.starwars.com/databank/LightSaber>	
<https://www.starwars.com/databank/luke-skywalker>	<https://www.starwars.com/databank/LightSaber>	
<https://www.starwars.com/databank/obi-wan-kenobi>	<https://www.starwars.com/databank/LightSaber>	
<https://www.starwars.com/databank/anakin-skywalker>	<https://www.starwars.com/databank/LightSaber>	
<https://www.starwars.com/databank/darth-vader>	<https://www.starwars.com/databank/LightSaber>	
