{
  "mappings": [
    {
      "name": "pilot",
      "head": [
        [ "$char_iri", "<https://www.starwars.com/databank/pilotOf>", "$z" ],
        [ "$z", "<http://www.w3.org/1999/02/22-rdf-syntax-ns#type>", "<https://www.starwars.com/databank/StarShip>" ]
      ],
      "body": {
        "templates": {
          "char_iri": "<https://www.starwars.com/databank/{character}>"
        },
        "query": "SELECT character FROM vehicle WHERE vehicleType='starship'",
        "datasource": "SW_BANK"
      }
    },
    {
      "name": "pilot2",
      "head": [
        [ "$char_iri", "<https://www.starwars.com/databank/pilotOf>", "$z" ],
        [ "$z", "<http://www.w3.org/1999/02/22-rdf-syntax-ns#type>", "<https://www.starwars.com/databank/StarShip>" ],
        [ "$z", "<http://www.w3.org/1999/02/22-rdf-syntax-ns#type>", "<https://www.starwars.com/databank/PodRacer>" ]
      ],
      "body": {
        "templates": {
          "char_iri": "<https://www.starwars.com/databank/{character}>"
        },
        "query": "SELECT character FROM vehicle WHERE vehicleType='starship' or vehicleType='podracer'",
        "datasource": "SW_BANK"
      }
    },
    {
      "name": "jedi",
      "head": [
        [ "$char_iri", "<https://www.starwars.com/databank/usesWeapon>", "$lightsaber" ],
        [ "$lightsaber", "<http://www.w3.org/1999/02/22-rdf-syntax-ns#type>", "<https://www.starwars.com/databank/LightSaber>" ]
      ],
      "body": {
        "templates": {
          "char_iri": "<https://www.starwars.com/databank/{character}>",
          "lightsaber": "<https://www.starwars.com/databank/{saber}>"
        },
        "query": "SELECT character, saber FROM lightsaber",
        "datasource": "SW_BANK"
      }
    },
    {
      "name": "person",
      "head": [
        [ "$person", "<http://www.imdb.com/fullName>", "$fullName" ]
      ],
      "body": {
        "templates": {
          "fullName": "primaryName",
          "person": "<http://www.imdb.com/name/{nconst}>"
        },
        "query": "SELECT nconst, primaryName FROM person",
        "datasource": "SW_IMDB"
      }
    },
    {
      "name": "title",
      "head": [
        [ "$movie", "<http://www.imdb.com/title>", "$title" ],
        [ "$movie", "<http://www.imdb.com/releaseYear>", "$year" ]
      ],
      "body": {
        "templates": {
          "title": "primarytitle",
          "year": "releaseyear",
          "movie": "<http://www.imdb.com/title/{tconst}>"
        },
        "query": "SELECT tconst, primarytitle, releaseyear FROM title",
        "datasource": "SW_IMDB"
      }
    }
  ],
  "datasources": [
    {
      "name": "SW_BANK",
      "type": "SQLITE",
      "parameters": {
        "databasePath":"./sw_bank.db"
      }
  },
    {
      "name": "SW_IMDB",
      "type": "SQLITE",
      "parameters": {
        "databasePath":"./sw_imdb.db"
      }
    }
  ],
  "name": "Star Wars Tutorial",
  "description": "Small integration of two sources about Star Wars movies and characters",
  "RDFSRuleSet": "RDFS",
  "ontology": "ontology.nt"
}
