{"mappings":[{"head":[["$char_iri","<https:\/\/www.starwars.com\/databank\/usesWeapon>","$lightsaber"],["$lightsaber","<http:\/\/www.w3.org\/1999\/02\/22-rdf-syntax-ns#type>","<https:\/\/www.starwars.com\/databank\/LightSaber>"]],"name":"jedi","body":{"datasource":"SW_BANK","templates":{"char_iri":"<https:\/\/www.starwars.com\/databank\/{character}>","lightsaber":"<https:\/\/www.starwars.com\/databank\/{saber}>"},"query":"select character, saber from lightsaber"}},{"head":[["$char_iri","<https:\/\/www.starwars.com\/databank\/pilotOf>","$z"],["$z","<http:\/\/www.w3.org\/1999\/02\/22-rdf-syntax-ns#type>","<https:\/\/www.starwars.com\/databank\/StarShip>"]],"name":"pilot","body":{"datasource":"SW_BANK","templates":{"char_iri":"<https:\/\/www.starwars.com\/databank\/{character}>"},"query":"select character from vehicle where vehicleType='starship' or vehicleType='podracer'"}},{"head":[["$char_iri","<https:\/\/www.starwars.com\/databank\/pilotOf>","$z"],["$z","<http:\/\/www.w3.org\/1999\/02\/22-rdf-syntax-ns#type>","<https:\/\/www.starwars.com\/databank\/StarShip>"]],"name":"pilot2","body":{"datasource":"SW_BANK","templates":{"char_iri":"<https:\/\/www.starwars.com\/databank\/{character}>"},"query":"select character from vehicle where vehicleType='starship'"}},{"head":[["$person","<http:\/\/www.imdb.com\/fullName>","$fullName"]],"name":"person","body":{"datasource":"SW_IMDB","templates":{"person":"<http:\/\/www.imdb.com\/name\/{nconst}>","fullName":"primaryName"},"query":"select nconst, primaryName from person"}},{"head":[["$movie","<http:\/\/www.imdb.com\/title>","$title"]],"name":"title","body":{"datasource":"SW_IMDB","templates":{"movie":"<http:\/\/www.imdb.com\/title\/{tconst}>","title":"primarytitle"},"query":"select tconst, primarytitle from title"}}],"datasources":[{"name":"SW_BANK","type":"SQLITE","parameters":{"databasePath":"\/home\/e20190002767\/Fac\/HAI824I - Traitement des données\/TP\/TP3\/sw-ris\/sw_bank.db"}},{"name":"SW_IMDB","type":"SQLITE","parameters":{"databasePath":"\/home\/e20190002767\/Fac\/HAI824I - Traitement des données\/TP\/TP3\/sw-ris\/sw_imdb.db"}}],"RDFSRuleSet":"EMPTY","name":"Star Wars Tutorial","ontology":"..\/..\/..\/ontology.nt"}